Player,Team,Facility
Aaron Rodgers,Packers,Lambeau Field
Alvin Kamara,Saints,Mercedes-Benz Superdome
Alvin Kamara,Saints,Mercedes-Benz Superdome
Andrews,Ravens,MT Stadium
Antoine Winfield Jr.,Buccaneers,Raymond James Stadium
Austin Ekele,Chargers,Sofi Stadium
Austin Ekeler,Chargers,SoFi Stadium
Brian Burns,Panthers,Bank of America Stadium
Budda Baker,Cardinals,State Farm Stadium
Cameron Heyward,Steelers,Heinz Field
Cameron Jordan,Saints,Mercedes-Benz Superdome
CeeDee Lamb,Cowboys,AT&T Stadium
Chandler Jones,Raiders,Allegiant Stadium
Chris Jones,Chiefs,Arrowhead Stadium
Cordarrelle Patterson,Falcons,Mercedes-Benz Stadium
Corey Linsley,Chargers,SoFi Stadium
DA Hopkins,Cardinals,State Farm Stadium
Dak Prescott,Cowboys,AT&T Stadium
Dak Prescott,Cowboys,AT&T
Dalvin Cook,Vikings,U.S. Bank Stadium
Dalvin Cook,Vikings,US Bank Stadium
Darius Slay,Eagles,Lincoln Financial Field
Darren Waller,Raiders,Allegiant Stadium
Davante Adams,Raiders,Allegiant Stadium
David Montgomery,Bears,Soldier Field
DeAndre Hopkins,Cardinals,State Farm Stadium
Deebo Samuel,49ers,Levi's Stadium
DeForest Buckner,Colts,Lucas Oil Stadium
Demario Davis,Saints,Mercedes-Benz Superdome
Denzel Ward,Browns,FirstEnergy Stadium
Derek Carr,Raiders,Allegiant Stadium
Derrick Henry,Titans,Nissan Stadium
Derwin James,Chargers,SoFi Stadium
Devin White,Buccaneers,Raymond James Stadium
De'Vondre Campbell,Packers,Lambeau Field
Fred Warner,49ers,Levi's Stadium
George Kittle,49ers,Levi's Stadium
J. Jefferson,Vikings,U.S. Bank Stadium
J.C. Jackson,Chargers,SoFi Stadium
Jamarr Chase,Bengals,Paul Brown
Ja'Marr Chase,Bengals,Paul Brown Stadium
James Conner,Cardinals,State Farm Stadium
Jason Kelce,Eagles,Lincoln Financial Field
Jaylen Waddle,Dolphins,Hard Rock Stadium
Jeffery Simmons,Titans,Nissan Stadium
Jimmie Ward,49ers,Levi's Stadium
Joe Burrow,Bengals,Paul Brown Stadium
Joe Mixon,Bengals,Paul Brown Stadium
Joel Bitonio,Browns,FirstEnergy Stadium
Joey Bosa,Chargers,SoFi Stadium
Jonathan Allen,Commanders,FedExField
Jonathan Taylor,Colts,Lucas Oil Stadium
Jordan Poyer,Bills,Bills Stadium
Josh Allen,Bills,Bills Stadium
Josh Alln,Bills,Bills Stadium
Justin Herbert,Chargers,SoFi Stadium
Justin Jefferson,Vikings,U.S. Bank Stadium
Justin Simmons,Broncos,Empower Field at Mile High
Justin Tucker,Ravens,M&T Bank Stadium
Keenan Allen,Chargers,SoFi Stadium
Kenny Moore II,Colts,Lucas Oil Stadium
Kevin Byard,Titans,Nissan Stadium
Kirk Cousins,Vikings,U.S. Bank Stadium
Kyle Juszczyk,49ers,Levi's Stadium
Kyle Pitts,Falcons,Mercedes-Benz Stadium
Kyler Murray,Cardinals,State Farm Stadium
Lamar Jackson,Ravens,M&T Bank Stadium
Mac Jones,Patriots,Gillette Stadium
Mark Andrews,Ravens,M&T Bank Stadium
Mark Andrews,Ravens,M and T Bank
Marshon Lattimore,Saints,Mercedes-Benz Superdome
Matthew Judon,Patriots,Gillette Stadium
Maxx Crosby,Raiders,Allegiant Stadium
Micah Hyde,Bills,Bills Stadium
Micah Parsons,Cowboys,AT&T Stadium
Mike Evans,Buccaneers,Raymond James Stadium
Myles Garrett,Browns,FirstEnergy Stadium
Nick Bosa,49ers,Levi's Stadium
Nick Chubb,Browns,FirstEnergy Stadium
Nike Bosa,49ers,Levi's Stadium
Patrick Mahomes II,Chiefs,Arrowhead Stadium
Quandre Diggs,Seahawks,Lumen Field
Quenton Nelson,Colts,Lucas Oil Stadium
Rashawn Slater,Chargers,SoFi Stadium
Robert Quinn DE,Bears,Soldier Field
Roquan Smith,Bears,Soldier Field
Roquan Smith,Bears,Soldier Field
Russell Wilson,Broncos,Empower Field at Mile High
Shaquil Barrett,Buccaneers,Raymond James Stadium
Shaquille Leonard,Colts,Lucas Oil Stadium
Shaquille Leonard,Colts,Lucas Stadium
Stefon Diggs,Bills,Bills Stadium
T.J. Watt,Steelers,Heinz Field
Tom Brad,Buccaneer,Raymond James
Tom Brady,Buccaneers,Raymond James Stadium
Travis Kelce,Chiefs,Arrowhead Stadium
Trent Williams,49ers,Levi's Stadium
Trevon Diggs,Cowboys,AT&T Stadium
Trey Hendrickson,Bengals,Paul Brown Stadium
Tristan Wirfs,Buccaneers,Raymond James Stadium
Tyrann Mathieu,Saints,Mercedes-Benz Superdome
Tyreek Hill,Dolphins,Hard Rock Stadium
Tyron Smith,Cowboys,AT&T Stadium
Von Miller,Bills,Bills Stadium
Wyatt Teller,Browns,FirstEnergy Stadium
Xavien Howard,Dolphins,Hard Rock Stadium
Zack Martin,Cowboys,AT&T Stadium
Zack Martin,Dallas Cowboys,AT&T Stadium
